"367535629127","RZoWkKyhidDQscdxRjMowfRXSJYbLDBef","Student","4503610632"
"061554765693","mpAPQFwKhopKmcOqhNwNKueWhSQMgBBUQcl","Faculty","7272261061"
"594909177115","tNSnfwzQFJmaFaDRRwSOFSbCNUvQhfFB","Student","4810304444"
"763175962178","JkPQpXrJXkitZyXaCBhHkICqcOen","Student","7643030925"
"405946922477","CGdEWhtACioh","Student","5110850646"
"258628472406","NNYqxnZLgDgWpBTR","Student","9338056640"
"046267569872","yxHOAchwDvmXxRdryxlmNDqtUK","Student","0429610422"
"205529028380","ATDRmydIaJXLOg","Student","0294351743"
"146942264128","LyeIMuOTehzri","Student","4768906879"
"033373265265","DfyKgruOWZgiOoobpplEqlWPhApJNAdqhdCn","Student","4593570819"
"978253490201","IiXQmbFjXjcvudj","Student","0647485826"
"066462896070","ypzvJegEBeoCFUfTsxDiXtigsIeeHkCHz","Student","9785338379"
"378741909885","EnbPPkQtPdDBUoTBBQcwiVrFXjUJJddnTGEIQvDG","Student","2196480810"
"229756463797","pBpIWuQzdzuBDUBZVAfSPQPQw","Staff","7034636334"
"439725890247","FDxvtnunNEsLSplwUI","Student","1135934150"
"835659907637","DDSOZoYVEGuRfwCSFMOxeQMRJowrghwlKoB","Staff","4438608922"
"318342245175","NunYfdzrhBasjeuygAFOUButPNIM","Student","4990893148"
"967737122150","EogVbPkXLpGDIrBFCriQiFPGYnkRreFxsnVucfT","Student","2216302156"
"500346602589","MOiItnCkLEFSzBEXraMpETvhQnddjEqV","Student","8037069217"
"797627158845","bMSkSKfojNewXGXnNOFwLTwJwnNvbwjcKDmeoU","Staff","9743561403"
"127798107601","iDdvHrRdSycQhKLeEWhxTeMbaQWqWPQHsUEBNvF","Staff","1309913458"
"573389553860","lApoPKvXfgVICEtCMKBljOPg","Faculty","6393346156"
"172292812478","drVmHLUbbrykTHEYenTm","Student","0998024901"
"200639083873","QOPUbJgUXh","Student","1035948469"
"290303379499","lyAUUZDRcnJkPhclfFR","Staff","4449938329"
"543949557390","MjcXoHqaNXDRmGzEbhNLmwpmHwdVtHs","Student","6846672741"
"006443734721","fTWaPDtUtpbZTyGNSrxaJjNgcOMiKj","Student","6904851297"
"380923187416","MXNafaMEsPCKjCAZxdRTDgyRQSCcZYbnVq","Student","2269035587"
"170604130296","tZZWPwmFBfJkNC","Student","6259177411"
"913874931387","NkewWuYsgeFoNEXpMMsbaoPMDGZqmkqZXuvT","Staff","3517894164"
"354873350145","ybWXXTtQOgnRbAIAKqLLSzkhFzCO","Student","3602693087"
"652400685494","CfohEsyshMgXWtOayUvNOjdjFTQT","Student","8901348582"
"206361057420","bDBGwTbsEettwdNfNbyjvpdjxYuzQxStatBZPC","Student","9104118643"
"477074530729","hgOJHDNAyWpNBITOraaibedNezwfPdAW","Student","0780310367"
"322153382858","yqDntdMfrTZLqSEKejhZksklfEPXchvcZYSVDgCx","Student","3000222479"
"854786006437","GPOjxqiYSrsqFwqdjqnQcgDQr","Student","9706289502"
"728177979889","MLiuQAndlyAvfauA","Student","4753142013"
"004822024584","qWgXyAZnTN","Staff","2866009126"
"948282786770","QXQQMlfOtPqHVOkIiAmMQmVXjVbsOAIFZ","Student","9198765114"
"857669143676","PyqRIxQgWdrYGxrXkFhi","Student","4075401280"
"152071649535","ZqSjWaTycbMjaWWMnInEPFDUplucltX","Staff","8998936360"
"449664198049","pBQroMQawixEzqkvlfbH","Student","2425505297"
"768120328746","kEsvJtdhvTJMeXFqBVuFDPAXCWNWQJTbPl","Student","9496824653"
"474714048334","fnPAQELOFRsOtqiktXipQzEQV","Student","4080815351"
"140118578516","vdkUjCPWSdqhxrkiueZiowOQjpIeCwXX","Student","9150496743"
"096604582868","fugjtFIuQbJcLVlaZAMuCiMIcn","Student","6341713082"
"901081678821","AxRnIvcORHfRQQWnUjQ","Student","0861452593"
"884350593462","LEuYyfqUTOzQHMGYETYy","Student","1968093638"
"950171982675","NdjrXhrdyyddqNQdoaYShWXsHXZJYwUMbFFA","Staff","7353748001"
"645831229554","JFQKkvNXUqmSzcIXMZKwsQoIwyFaLp","Student","4686357424"
"027201619499","tOsAOdQSZKoGrfBx","Student","9597990521"
"020636948408","wsWqyxNtNDXqQsGkhVIHBaAWjUGAGLoddkt","Faculty","9630148666"
"617829659437","mKyROkktVusuiQiojfckyaTRYEkIjkSvUSOkcY","Student","2964554705"
"764353732830","qQXfbBFhbAdVfUAAUjXfrWKvUUhEPdIfvFkYh","Staff","7663243604"
"363749429382","fmnmYmtqreLEiNkopmfPVomQueGHdMXKY","Student","2310748018"
"734713442464","QWQDvAdiwa","Student","6004032086"
"992354810724","loRownpgeHIo","Student","9517308543"
"946238627076","GPdmYLdxUKdNfTPRruMbMEmlROwr","Faculty","2887101079"
"076933649846","LpcCdyvNXmdMfhAOpLqIZKhIqBJTIMitDkxikSxJ","Student","2048223327"
"245416804883","kYDWRbGxdcjPAlshgEpKzHhVlxCBxd","Student","7862510008"
"288701508071","TLpvOoynyApgVsWOaOs","Student","8119939912"
"647932875604","zWknWYhzGp","Student","7858780528"
"572579173969","ohBvGhmyUIGGtyQJtMuqinn","Student","0229138137"
"614920186342","ldACNNPjfErMRnyUqnwBjJpdJhDEav","Student","7681893727"
"064702916382","rrwwxYRhLSrDGQkDuvtmZZCZU","Student","7391262665"
"054319877687","cTCbXdxEzrz","Student","3319961714"
"025801697051","SPPxQIywJoBsPefUJLXnmDD","Student","5976681892"
"954627671718","kWLyiQDCHG","Student","9661755630"
"259823861661","cAniEwqmOxKJWpyM","Student","2354307188"
"742212172636","EsTckrPAiGOCFUFbuBiyrRFfMwaeEIM","Student","1719909347"
"317825312129","gAUNGfzOIHBXIFopRW","Student","7161912146"
"073652243964","boGSfxqHIpboMPUfPxCKICAGHuFczmAccgwigM","Student","2414201034"
"040622727519","OmwkuCznvdGZtqarsaRGkwu","Staff","5621813077"
"214113638663","yNzeAVaACeaZUiMydyPVMgyXBLhppUuNkTt","Staff","2125658899"
"347011018753","YWHMgcHQVDCqDpm","Student","2907600732"
"707133763969","vkpLpFAoTXngexrFCzzdmuszlob","Student","6816825373"
"551817682477","xZlzkbcsQmnCi","Student","9775446565"
"149527170061","YLWkByUBxruWszS","Faculty","3149111021"
"257350158671","aaPzsorBnjPzcxeCvJMWJq","Student","1301992007"
"397649338037","TLeijpyNyFvUefYYrdjAdJeg","Faculty","0415243575"
"627574538634","DfvirboSvmJFcyMDrzQzKPgEMja","Student","9232722826"
"216089288554","jQZNCipTtNCJTjhRtvkwWOjbQHJjFKbOACCEn","Student","1450403778"
"774313071786","wqtYuYNmXW","Student","7050728425"
"738911997096","oYWbMvzHxPenHViv","Faculty","9949051178"
"286805841511","XrggOQBhxIqSvzZSCqUtMsZFQjNmTaeQTM","Student","4019181491"
"797144284939","tOuZgQMEaogrQSdMZo","Student","8754493888"
"791698092939","XfTatuQastvphOaHPSdIFnxrfBQagHDFoYhH","Student","3179528928"
"205410025362","RPhfOooIOyVjdxnwBZhVq","Student","8493249489"
"332973255364","SQGRXeKxcgMTmVVgFqQwsPdJxzaDdukVlQpKU","Faculty","7794087540"
"928003116266","wbtPqelRNKbLdxguZgcseccInLi","Student","8608073655"
"693504493771","anVIAjsChHkdXlrfroHMxMSmMHvoDihD","Faculty","9136913498"
"179303265923","EUrhcbmZGZwWGYVtl","Student","4259404053"
"502340623217","IrdiOYtnfeIeEPEHGvGvq","Student","1654197001"
"113761873719","MKKhSHxDnZYHORmwJ","Student","9118947874"
"990990348279","IySbmRnoqSsfvoYXKEGLMAYgFGihqZNAZGdmZ","Student","4744639623"
"016618545111","NHeVKSUDVjLRgRcavXzeHlrqGjhMjQtyZZtJSn","Student","9224251922"
"610108263659","hGIARcpGrnIysdHZTpfqhwHpyFIOopx","Student","7633247853"
"096341890449","WEiLuxirVQqkZEfbHId","Student","8651451090"
"056064577273","CzPfhZikPU","Student","1742755713"
"778565741246","YJrgvgDFpmLIrnjVgA","Student","5054650774"
"502957422196","xJCiEkllNPedBPFOYyczQdS","Student","1675838116"
"492765215402","fAQgTTYitTEUDnKmGEG","Student","8185490023"
"699172091587","bALQJpYrXMJZYVxknYImezrAMyjrXwtAXeSGu","Student","1334419434"
"892297192265","xXgeQMaHlToVorBIIVCfCZgDaTBkAYtXWzD","Student","7950758987"
"542110206675","VGGTeIYsvCPW","Student","8668534767"
"897477182193","BULyYAuDCQ","Student","2326184191"
"770873288950","iOTerYVoEicBnLjkOaHNxiBW","Staff","3831183709"
"362741614347","jqZiaAewjWcCFy","Student","7692411947"
"292786887495","VwizZOYctQLNzxoetyIO","Student","7845939801"
"394726945948","fcKaAtPdOHtgAxdqNLcEBPuHAPgfxwkCaUC","Student","7106330503"
"600283590964","BOEdrbhuQb","Student","6856362184"
"388898955423","lqJVKAWMUCQdLUBPMBqyFHc","Student","6730087174"
"454289044289","umPuuYwSNEZdUfcTCjqmr","Student","6292632704"
"058007013749","BmbmePfpZEyvKrzaJzesTeaKWvHNwal","Student","1635940284"
"513236355773","rzNGxNRWCGLUjFcMellPKMcTLtu","Student","8721215544"
"590898810487","JjFeVAyzQtLZqiOJx","Student","3213391697"
"582883073803","QAlAQxXpYJeDIpPvoOI","Staff","1824090825"
"308548629031","qWinMXVZsDtwltmv","Student","0470138958"
"919736564075","YTtLOFIljKGheXSpLETgvQRjVPKAkjYiE","Student","9835387543"
"307844498517","hRySQixlDPK","Student","5352997985"
"521426798616","BuMMzdZHAYflRugAwcbaBraYHrkdcxs","Student","7601254253"
"963281253587","ntwrvTlBmStfeMisdNSlpa","Student","0424901504"
"194421420064","btRvggvdxFNLcdajjNQGVqpEdriZaaBbtswbbtey","Staff","5308566220"
"337701171966","WWHzpnzPGkrFahNamByjhzLel","Student","9047743042"
"873866106860","uznwMrHYUfmvkYS","Student","0810118938"
"516797667410","LTUIevcfFigZrtRVuhCaucLDaK","Staff","3125758717"
"408622463143","aPjMUkYExDcsU","Student","6673074826"
"289522193877","DNxgPsbLEVEgVbaHLqCXrzMqEBFvg","Student","7547905299"
"377441641033","lDcoixuXudcPvWelB","Student","3057695005"
"637321298262","EeFAKsDotTSfabigfgMx","Student","6780662500"
"563816331118","klpSTcpuiGUyDoUEWZjlkR","Student","6910058579"
"696288432682","wTWheIBQVITHYEvZEvpTnIC","Student","2969992920"
"448545752742","cPoxEWZGiQ","Student","5387227966"
"421476338039","DPyCYGtRGuTpdzlAJzOvCCWcqaycfJEIbclZk","Student","2803436737"
"800222568522","WGkAtLLbFdesLjggPDaLXVjnWYgvqe","Student","1005034702"
"525706476141","yVigrbkZQwSfEXIOgoDKJaTlqIOPTlaTJK","Student","6175155781"
"789139282065","sidUbMECoqnsRuLakEROfyyrPivrKK","Student","2244539597"
"214713138257","YusVnEiwjCI","Student","6963958205"
"556930420206","JRPfaUOjWzYxyHnJ","Faculty","4863923346"
"774701449247","pZqqifZOuPifNWYaNkayhjSUJU","Student","6076608048"
"924873557088","cRLxnWrxecIfEuvYNRrXLbqKbG","Staff","5207558862"
"783962751507","rcIINlQXOCtvriNDIfJKaQvCGAARURyNTIviTN","Student","1084743596"
"015627061224","mwwjERXOaP","Student","6299987114"
"842825250238","iwjHkLwBtvCwgaaQFeQlqkYktHGpGWkOstwfH","Student","2210568547"
"103063656296","JkGEiLlDTOsfNoroCLTiSrxXBelr","Student","3709052523"
"763832094977","kYuoEhFKOlyFxthWY","Student","5426066107"
"872554783065","igKCoHccywoOaOYcHlyCVfwBCU","Staff","7690483646"
"086973135385","DKBZmGvclZSFPOmiAcCQTVvypPDmrsI","Student","7613041359"
"635577110491","IiAUcSDWZpUsHmOMg","Student","4779463769"
"882648744030","jmCvCQdgOuPOCBRemUAqsdCSctNEIHzR","Student","3465243891"
"124327323278","ylggShzninNBHVJUSglrvibgdEjgJfIhqrPKyoA","Student","7785393142"
"016495087588","qNLblBdWESjpDewJ","Student","6314902911"
"691878508492","wLgBsfMCvWomfGmTPxXY","Student","4079276227"
"891750820402","qakIxKGCIecTdJrhvGHvgIoKYKKkuyCnyMVW","Student","9668041478"
"903665920318","dYTenOCltCSdFUsvnOGnRrVfOQrxvpdy","Staff","0812286347"
"662364152637","TKAoBforctuQBJYKTMaY","Student","5867505870"
"396753843756","CYhXKJVCXNpGl","Student","7137545299"
"262930897323","eWBRNhcAjqHIbugtjj","Staff","1514813748"
"230445164634","ZTxHOHQEGKMpMfe","Student","0455409215"
"670234129178","oUCDiHjhDqosaYegcXOZGoaQjzjTgtJunl","Student","1898493435"
"603461431848","thzEdorfmMqqKtl","Student","4154691756"
"150988252640","AipsukgWipzTVueBvGIQgPr","Staff","6854473252"
"154738471715","VpGnwYEcExlGfofo","Student","7321081675"
"502632016032","GWKokPCmkvuHVipvzaQuWkjGlmojYZogxYu","Student","6234346221"
"901283298348","uXDAudVEVtBYnTMDuPRWuVuVn","Student","7318051968"
"234663217633","spdPlAcmETKiZBJkTFzIHJR","Student","7843196505"
"613371497877","agjJqScdlQnagQapkdoPHRiSPmKptl","Student","1554502019"
"989706980017","ZVplkIYkbuWGfcOwtlZnSRKPWIBprHsSCH","Staff","0545027089"
"344618982056","ixwARAJVPYcssaRtGsKk","Student","0229261723"
"155710607249","xOgFgsQYgEBSMBpOIeXpqHmEB","Student","5616746726"
"920149703541","gEvpRZQaikF","Student","7444823037"
"646671109572","cqwEajjREVZntKERVLzhAazNlfICqZiUp","Student","4396861077"
"454118438583","ZHxArsPZQiRCtPIfaJBPBuSvuTpwMuDnbCNUweU","Student","2377894225"
"381650316995","XJVRgBnVqAmxCOm","Student","0940106137"
"958679577720","otzoxnAgNbi","Student","2085556052"
"050727148435","VSSbhvLJkJJPegoTukHvs","Student","9433279718"
"951016099949","EsArBxJxaxffTQgsscNLBqcLCbEBsGfyY","Student","7063502684"
"564514204146","SxcyfBZmSDt","Student","8705740487"
"749782363267","DUprpuKKZMgKZ","Student","6973614627"
"980367270115","VlLHsXHSRqVkHJgF","Student","9059629819"
"924163455126","hlAOUjtvWtjIfjjPAWtdMgBpJil","Student","5936452321"
"692750807364","kjHzSPmaqpXwEXS","Student","1550835017"
"963483139317","fPzCtwWIBgBQCmRqw","Faculty","3849702095"
"387750144747","MlDYdTWyHdsQaylWpEkGzbn","Student","4873275220"
"192197063822","gfZMgCBCCrptsymiTJXSZ","Student","4490982492"
"140300729191","uSQdPJcadAanPSnFzWcH","Student","2529942852"
"016753354575","xpmWNpfFVAyihgtyxBGjzumlLpxDtX","Student","0601736089"
"630820633525","BWyBbtaNMOMDRZzzKyifJyTPmKejCRUeOVhro","Student","1237586756"
"719866266841","OvulCLAlQc","Staff","9428374294"
"370539392347","jTRleHokRYgRPnvluhyxUTlXZSPKQgQCZHN","Student","2777712442"
"499485254525","EVZgUiUzZxoiBLLtwhBdOGJOgd","Student","9142570208"
"077746239476","AqBMGjrvOiBHDazfWzdszbgjzFErdInfAqth","Student","0446570505"
"421216605181","WSWwKRfMCjfWqewaDceBnEAzMkkXynquHm","Student","6962175268"
"209004920628","VIslcCZSwFq","Student","0024609619"
"659077478959","XTyrpdIvsinOKxnkCtsFUkINaVknsdMpW","Student","7361845875"
"981415331839","bMEebvCOcp","Student","7132127100"
"747078029270","NjbRzGgFbIYAFQjYXopLj","Student","0263300362"
"201104178313","zuNpJyavaEwlEuEn","Student","8499713801"
"427459128124","tiPzeVMdJSkWuDUSMHqMQgJVhxmKl","Student","4889382001"
"221267105569","TZHSlsFjGMtlrH","Student","7580812495"
"643257124572","UCEnpyxChYYf","Student","6807561808"
"713280493150","xxHhwhmCnYbcOpNaEWkP","Student","2858909612"
"841344396286","bCqhaAXFalANUjMau","Student","4099565647"
"407909104252","SpXDczzWGdGxQmqMgjWm","Student","8109343188"
"983064922620","gufmgEzWoyOTjGOKbQF","Faculty","7171014766"
"042530929967","HsEUtWzGLDhZfuTgapcNHGMINM","Student","3647184558"
"138829536211","eiUsQIGvts","Student","0686345493"
"224072285233","TaZAXsulOIKroQamjxhvndAllXKfyT","Staff","1993710664"
"450635042791","yANiFlDEeZ","Faculty","4054618181"
"916150961343","QurtYXUAzm","Student","9700801919"
"189240783143","NcbIedUzWFTiFPF","Student","2682526516"
"040481251282","dnclTRRyzf","Student","9165891933"
"536780992263","nELGckMoFrCulXFemGBDIcwyj","Student","0716166011"
"811548933444","RTRURpFmKHJoCWYjPjZuNXSrQduRtKx","Student","2635024615"
"023054486954","AYOrTbqGJhPGPgsFdOlffrqmHBoKkLGKlXDeYw","Student","9785466982"
"431967952931","OCDTidpXmuCbQOj","Student","2516932629"
"814150946233","BQNfGCoyKyFoJSkluZuWST","Student","6184338296"
"602448448338","bpzvNToQvLIawsatDoBTKpZhlEjYtFauwzrjUGCp","Student","2544355946"
"074946873554","qrzMXDDtqvluOwE","Student","0467853652"
"009423989913","lStiirMgDUYUftZxAW","Student","7519939041"
"528176200839","RQKQnloloA","Student","9391354172"
"261481510048","RetHpHhTRahkcSMJkgpcdGNRNWpJ","Student","0344933478"
"135958182862","QbKDYCOVIdNuoKvJrtUBzukZdfJTpXpHZZMzBAWL","Student","7923637254"
"578811142033","LTgOtEAznhvLkaAiDQhZSfaCoUcWekErFmfZ","Student","1481719131"
"278325583205","UPvAEAbvIDDXAxAZQlbCddgCGOReac","Student","7871860987"
"019336265070","FTqYzqCINylOwRoTfvUScTfIJDSDGGfNbXnBQs","Student","1200940458"
"086253775399","vTsIuiafPRbJGPuQlAtXkrSDYrOnx","Student","6238076345"
"017657647935","XZhpNuoxEgagiXsNBujFfpCMKivBPoiMnRDDNRCU","Faculty","7428756717"
"445247742906","PEKeXmYZrZj","Student","4883959621"
"098419498110","JJoIaPtulbQuVXXp","Student","0740250850"
"281696292609","ufaRFXgygBJaTywgThcaMQP","Student","4500516770"
"085223232302","ZHnZVdrxyIsmTdGbsCxqYClzKSDnwG","Student","2701588020"
"868875614316","pkWuaVazTQNsBHjlZjoEFurcWGz","Faculty","2979065216"
"182085298310","YWEbvNAkjzewJUdThLenLFLONtBU","Student","9864057173"
"697229604569","HRFuMgRakZmMPcltTsHMgsNpILGl","Student","7030838484"
"035893786873","ReRbrZPCnRXTbpm","Student","5449950220"
"127427662971","sxPmaeyUBEpgOCIIqEhByXLLtRBgXFYpEpd","Student","7570645881"
"248252515920","nLPfReKwZOx","Student","2330364746"
"584833064474","PeFNGVkETzfPiVUdGQkgasmVtygjXIeMMJ","Student","6534407627"
"221485335481","jbsnpHyrdFCCiPHAjkojVSuNBzsEzY","Student","2577001999"
"253573277293","etTYzsWRaxexQYszyvnzGsirjE","Student","1703376302"
"278525981541","ClXKDgQTpnDSqKQsqgqOYnSnDU","Student","6358195927"
"692970614082","IijAXoWuGTXfUkAGeEKSyDLlpoNti","Student","1629867724"
"071523985140","vvsmKnukDpvcJDrCHPpIUyYALRlMBXqzsILFyHP","Student","6030342027"
"307928620615","oXoTvVkwSXbaOYiPmiauFjFqMDooybt","Student","3176461230"
"256784763664","WpdkNeDAFMHCQZxpQRNYouUWLVBIfnYbCbNqISs","Student","0734161705"
"303843949699","qVEiDwAUCzOyCemwONnMkB","Student","9298088725"
"944368988205","ylXMYhPJFcsTCqbUFePbmJY","Student","4016286725"
"941496659795","oVWqKFQBmQiMqPVRfaeVr","Student","8595784253"
"747553819367","fvJHbEZKAmCPpeNHKCZqjaBGDZTsj","Student","0223777449"
"748821480985","wkqvdIgcEywjVuswEDjSfJIvVn","Faculty","0360902249"
"225459657219","dQsnNQACyIxU","Faculty","3167000755"
"632653744561","SozTyyNJaWXJE","Student","7414246019"
"755517449713","ocSlaBruHfNTSLomKfWtVPGahMtYnkQ","Staff","6052844585"
"864642627354","QkAPymhCaQtPCdzVrzlBLoYgYqvfaTmseoheApiA","Student","7710562093"
"919190346864","MWmONupuxIDEBLEvCfDkhorbzEVE","Staff","5077776146"
"319708329439","ZKSbQpFvZrMgqtbmS","Faculty","1718911107"
"615647329858","HySbzeTTJSGNbxstafvxKxFmAEBizrKhPC","Staff","5870596005"
"857571848850","zcAjjRnTIvYUqVoYXgYtzekSwypCPt","Student","7118642555"
"156826667973","YdxPhPiqGgB","Student","8506289848"
"204075726933","KmfaSldbBHxtVHnTxdPOpPHqxGqEjNBwCGYutc","Student","4554641688"
"141771257676","pWtPTMRQjcNZ","Student","6276080359"
"477164913290","DURoWhnfbRszFvRSIiwEjjMFrjSXaV","Student","2756902139"
"929619306775","VEUNdxIDDZV","Student","5318717126"
"319598279513","JghOlJlLyhWiGn","Faculty","9574989084"
"779914636857","URHsBniiWxwbwOGfhYOMAB","Student","8336483848"
"307820422504","JbOyqQZTrbudPeHdMfYlfItn","Student","7140501103"
"373448177564","GOBLwwAmYrmGEEXvjNage","Student","8867514150"
"923135130632","qefdGlJjhjhXUhLTwjinsvADx","Student","9961149184"
"455011338292","XlVtLysAfFgumhqZJqAYDKVwppYJCXmzihuUhMWO","Faculty","3202299833"
"011422754419","OGsVspJmUusGuZDnJyhc","Student","1198854077"
"493896314534","BVnkWWmNxbnsKWaaRhCUHCq","Student","4369901666"
"060456040618","QIqLpTbOjYyCxByZDijBPimvKNVykvKadaLsvohE","Student","1560565558"
"619394032812","EouBedgTkPITy","Student","8159098384"
"446250794797","LeNcoGAmOrKJrPHxpvfJHjfYMiemNpOyuBA","Staff","9410299967"
"010532426304","CstCoVFygJxgHgs","Student","6310375737"
"569071410069","ESILAqFZxsMXVvwXHdylaEvAcweOwPBaj","Faculty","3134640550"
"019183958636","ffewGGFTwRUQDxDculXqUaob","Student","1556411155"
"987848287112","EvqyvEAnuPSkTEIExZVXyfvqMmkrFIPk","Faculty","7682630444"
"362678970903","sFkYPCKSjwSXlIfPqaOeCsReSCjZJEuDLgdckpU","Student","6291272698"
"851825410330","mwKoHCKDQYwpZvHRWpOaqe","Student","5497027926"
"709368546094","FYZVYpZIbtNgtRCah","Student","8193779451"
"511660927292","KJtCNulJMzKzaRyOc","Student","4630232606"
"750424238302","qpLJqbLQvbbaDWiS","Student","4135771909"
"523142030070","ofduDNmymNPvNrMkLFToongKTIZBxdFLLkHoA","Student","4616325146"
"022231845766","rzwBhmDaZpjFAHCZOkdqlXfQCNFHXRso","Student","0459382135"
"333759238020","VfFTyAJrQDqtzSxOggDbTUmtpNdj","Student","2949218839"
"783290410095","PjveyyPtcWjQlvcZS","Student","4829023343"
"295848243831","TZzQbzIGFAjmSxpaIBcrOUIVtYcjkNVdNXTqY","Student","5774427505"
"223737807651","AICxdvvgUBmeTk","Student","0235482952"
"940667384063","cBpoFKaSomzDbpvSajEFBsnhLfRCbWqGxhwct","Student","0118323636"
"455150693755","JZosvSLuRseNHSAQzomiHHo","Faculty","0577021197"
"500817250010","LduvKblANSfvq","Faculty","0707229236"
"508549196924","oGMgLhxqbYqkdlaXuqy","Student","9938224160"
"087652989467","TaUtXlRwELNqdjuRfgDSX","Student","1889727601"
"512045460160","MFPSKHsnQWXRxrh","Student","3644840586"
"892814195349","ZvTQSMzFrT","Student","4744333145"
"182297536941","DDsEilaSrTRiIqHdoEOUQWzfNnTYZcg","Student","1874434581"
"173260996732","VtsvsvexaCISOTbU","Student","8382654762"
"494945804383","cpGtKjnHnWwnYfVfZkCygZXwn","Student","4819898800"
"533205244769","KauJzQzSwzjJLeNfV","Student","4889061528"
"324704092916","YLqEyYzZGaxHARodmxOiTHeJobpRoTUmEN","Staff","8587946322"
"782264548021","fpCCdgpvmaPTvHYyewsggIuASuAKgZ","Student","6606515899"
"072731717737","PvqpIZQclGABbf","Student","5335273782"
"852358408123","eidFlGmrZngZZym","Student","0808033093"
"908270965442","ilghNgVNbTULAzSqVpfTr","Staff","9435970350"
"969026191569","SAqiFjbxaX","Student","0342892773"
"709110600180","GNlINNhzhofFfhlsOkQGxlKuZqALmIMvXX","Faculty","4144839884"
"947681139777","omDaHdAmNNwzJZrlHtBIIDygc","Student","7857595532"
"852368788077","KJqniwSMlqralMbmJlqJfKvADRURbVWn","Student","2936598720"
"646515949163","prJSmigtWjIJeljRflPnNaHde","Faculty","4177254192"
"916224902853","xrVxYABjAVvzFWrA","Faculty","1639054988"
"931622326314","yBmFxDgoBKJWopCdLcm","Student","2014453789"
"710103347865","IqhLDLzTTcKWQfRpeuedWgHxnsO","Student","6777740206"
"612274481680","wIovxGksxdtWLCIxYUdnK","Student","1249620610"
"658906731214","DyKaBYKxZbrErnKHQnJIliIVZfIjyJWDhiDkIokH","Student","1609051769"
"289372808746","zJEhzOrqSfaHDrORTgNDDhKIjfkUvSoUCucbLVU","Faculty","4683260740"
"145368680674","FGwiTrcYTzmZLpVsZhfnADL","Student","3869704672"
"408951096324","SNBfQGtuLNvrMHPOE","Student","2391011996"
"232493591054","OVzwKPCWSXtlJaXZ","Student","3737122835"
"910217472588","VBdhCaIsjPbfWsLmflbOpgmQmfcJdkZB","Staff","6680447132"
"972575170112","tDyYNZbbDlthFd","Student","2711637300"
"301456164834","hjBcrggSxxNSRTJ","Student","7100267003"
"706191446736","YblQSeArxxXbiwqak","Student","3686513092"
"352703593542","SiZQyZCwzqgZvJOVnHu","Student","1916701263"
"987266408928","aLhVAqSVnlynygybInuFpNPnfejyINs","Student","6521508694"
"564778375629","BpwBXLUKLVQKPq","Staff","1569326039"
"085272828361","SzDkLscuPhyGZHRDaMpmEyGkiQPtA","Student","3416612439"
"816761825297","PSUhHnkLQepWnIWxvMPiKIDzDz","Student","1669303176"
"525317012468","ZUgCtlbtEKDFJ","Student","8886331941"
"183541991356","RJuBnBkufDltKYnPygfSxcFYZqREghuXQOadRM","Staff","4918653931"
"602956093996","eauGelVeKkpC","Student","4587669056"
"886177980962","IfpUSgwEEFMmdTVLCmdqEypBdQfImqswvjqn","Staff","4807086185"
"824046257470","XurUfjKvaeuvMgUoOFUkuskKgMCmVEhSYyod","Student","6530119577"
"085665910958","VXsTXGyJFzSjYZA","Student","0309865678"
"663442805970","afbLeamIbTikeKVkg","Student","8054582554"
"252493256611","NxLZsxfOrKAQLYMcbKnLRBAYBV","Staff","5451320414"
"817475558176","mhMogPjqflmcaEKqpsMrsSSJlsNjvetj","Student","9779648366"
"326701295094","ZENWkIfXqCtNKHtdhzAlRMhe","Staff","8548223672"
"621160214144","fckyOTDasqFy","Student","9967141587"
"700146701463","qQZIhEIzTNaGxSzQaO","Student","1025607764"
"386934656477","tAYvqZjnUEMZEsmuGWxuuqiErbUVqYzmaxHTYsg","Student","8499609262"
"978151688305","CZkvzeeUbynGlXFDEDShtpoBqSDHu","Student","0764274855"
"957648523877","sSNkXuhcgGkEcShDVKCm","Staff","8105345315"
"356529815076","FPcBbgpZusQXQEJrlSMKqTgLiJPcxxBcmffnlv","Faculty","3135112606"
"446026643418","ZkXfxLcKqrpvZyjXuPkyoONacLBsgz","Staff","3582436730"
"299102982424","eMeFHMGtVpFkXecqUOBHzkfKPteT","Faculty","9653242286"
"677232672143","iaqYuvRtkGxLy","Student","4360159583"
"185220975311","CEYKbKjlIS","Student","6325839116"
"657544075383","uVjfgtzrdcHDGIicNEsZRLvtxDIw","Student","4831111900"
"451598757892","KYlidvgqXEbWmubPLZXihJlvaT","Student","0818959968"
"742478428577","pglcdOxEOqjivMNkUOfsohtivPiayifpo","Student","2485259532"
"194756533293","qFWyKmoDIijZigjrmpOHifQIqnp","Student","8236438237"
"159134725538","XhwFylxVGToSVfDkjCDUlIhFUDrTRtAO","Student","6426194012"
"699483529828","jbbCuBrxaPXmKVeaIOmBck","Student","9468207272"
"905312363946","QHvdiZPotdSpFcWpXFb","Student","0604989026"
"379247639179","eNvuLCXEkNPwsfHcKptjgfLItcZCZjbeyY","Staff","9692027860"
"508993524949","ewGHcGFcQHZITlpBPbRvaYWJ","Student","7291369707"
"828066423971","paCRAzAnEEWNDECBuZBRgfFsJc","Student","3984220987"
"643402851918","QmRYgBaICpQiUdq","Student","9055526003"
"394177867871","nyDvsGMIvmvJbJTTDkSIYAzHui","Student","4971548284"
"441664615779","rESRlOZAmSvxBrleGFUCXzwXfC","Student","2184480982"
"621352430013","nKUmIBOzfZxEdawBOdzEyqrqlwujhiEv","Student","6123531055"
"951850874089","LbTSjxPEyYeZViitJxxkLDDbLAQkO","Student","1308664146"
"063324951430","YKpyAznXUoTjiBxSNLAGAFGyeqYCL","Student","0085882952"
"413666867266","SmEikJwtrINQUkmWDemsI","Student","5853899417"
"226758800700","McbsQtaBEheTBdWhbqxfW","Student","4884864078"
"520785400845","EabwZgUccScgcqKxcyUqghAPyph","Student","3443036812"
"815477190598","gWYVuPFOohHTKAxOcWUhnEV","Student","3410414676"
"755867634618","jCeTrkqDskGeCyQ","Student","1487965848"
"321187726690","XKMbPMSrzUPuUqpiypFFVktOrqYTV","Student","3263795158"
"061868638827","BlARjtoLsgz","Student","8729439249"
"146426816188","VYHGqqgWujYnhXtTPcGsCuUySw","Student","2431654808"
"862544869413","zWHWWbszvYHicMfNKPfEwjZSVPHBuCmwyvsX","Student","8608105272"
"457350612569","cfVdcnabzAvKIXzehDMgoddjRuBuwuUy","Student","1781338886"
"661610037806","qbwMvSkxjMCSPjztmTFmNxVLEmAOGar","Staff","7741766942"
"102434450501","CtJSBlkxnzHmHDkAmLNKXABv","Student","2175473188"
"202513632312","eCtbEVYKXhnYxw","Student","8982107235"
"561808342485","eUGrvGqXQhVNEzuwiWVgtlTziJZJeWiK","Student","2644895940"
"374954425799","GQhmNRXghBUivFZ","Staff","3770187821"
"512475969696","JhqRexQEMVlkAXBClTWnhgMcJVMZwQvfA","Student","6820741486"
"848798883516","bccRZiTLGyvxjSGfySBGH","Student","3912485122"
"131455337740","ZLVRneaYnUfhgYqXwAQ","Student","4909468328"
"035658674916","YkhVikokQzw","Student","3697177645"
"133195452631","kVeuLfsEAbXRMwFyNiiminp","Student","1778080640"
"099341653082","DuePeTexFNSNWVnsvtjiE","Student","2920448843"
"918744378524","LiXergklGcRYcVgNy","Faculty","8317960966"
"104162788458","jJYGPneHHLwpvs","Student","0653624544"
"348048938410","sXiOODhYtpFYCjfbjViLBGwF","Student","9902126365"
"514789513664","juXmDVRtLadNYHivu","Student","0338445581"
"343239080993","mVlTFGPWPDHhZzUgD","Student","5899381100"
"261251727564","vvjURpaZswiBDSEAwUG","Student","5818536212"
"886311872230","SqBspXYZvyXjnIxiK","Student","8264572207"
"720118709958","KkbVjLhjzLJBjBgzJJfRLaOpQCtDStPeDQZNd","Staff","0888895244"
"375420684918","WhUoIjrrHUnTAsGmagjmWRacTEmoLpFkwzaeIUXR","Student","4986727093"
"823643022558","UVGePDyfOLVSgzXkKQIQJKQgZHRCc","Faculty","6968153983"
"810365126619","tibaZEdmkCXUfwlhDrXER","Student","5007688684"
"466549785821","vqEMnKfirWkLCEjkabyyYPcvVQzXCIYYA","Student","0936364196"
"739403847508","BNMjMmJQyYdsYkihDdxgiNnnBTKUV","Staff","8220940820"
"961585296748","jkqcUkAXQWNi","Student","3887193441"
"973869672494","vsImRXuxOJvzaLLQtGPCrzJwgEmWPHjkBRw","Student","2774496423"
"813387519536","ALZmmsJFJcyNClvgNqcJSNhLAQCR","Student","4731034641"
"745101428129","gEqGuuaxDjCUrUapwPbzBYhauWOhomMusE","Student","7930687657"
"103632996120","zEWmBoQeDrjqTVJuAyxuJNSWhPqchGMHM","Staff","1913385284"
"170539257294","bQnHDUVNpLmAgpdLjckNWMqokDtAohFpzS","Student","2244398873"
"929394214090","nEYSwxLwcZsWbBcfRWmVBYk","Student","4934831789"
"228342612561","hTpFunPPvDuXdS","Student","3457852208"
"546258509604","TjZQIEIAvCNWUTSIvHK","Student","3411133047"
"611939916539","NUYwpFgFwiMzlbCVvuDlXIsG","Student","6019025807"
"037713530858","nPnMahVUpPzrLjEeWronk","Student","5540527305"
"759376564853","xrfOFVYIyLqQLBbypcbTQEEyDgWDykpV","Student","2831457823"
"939549739398","kaCIkRfMqrvJeM","Student","4845150657"
"963148976530","jMEEvITWMnDZ","Student","4119128654"
"441015288441","WKKIXPHuMEzNLovtLOBEtMDssLdLZUzV","Student","9159643558"
"492010179546","wNtXjuvNfAsKPsDkuMShqsikWRZJChrAwKx","Student","6288950298"
"094292512113","pBkPXwmfdHZrCmROWVMxLeItnENUrh","Student","6839553482"
"090250468641","NsKdPbkCHuDEdyqSBIGUfifRjm","Staff","1051378405"
"027471809412","JvurmDDGkLfwiXUJDtVQc","Student","7849900126"
"649528727561","aWJWubYWfQiAOyLzaFGusZskc","Student","5916127107"
"063935897901","WvWxqgAtvLevdQUGapMLGYmH","Student","9299578953"
"319427696366","VCyeAmLMRuvNdkFiVUfoKv","Staff","9245701617"
"316974570466","PKnUYzqDqIrnNnChGuCCMkLUloyZUns","Faculty","9967588945"
"972365517550","esSdOfXacGIcPGcpqyENg","Faculty","5398045243"
"236329332119","NMHlSusQnNZoCHhumfhJHIlJLUPUdmlRBuctOW","Student","3601463600"
"153948277826","TblyWBugfeo","Student","8295296938"
"432311596368","ENlKuqBrKJ","Student","5842992344"
"857464922039","JwFMpqwFbSZFnKZl","Student","8905371413"
"445445344327","QhgetgRIEwFBWoBgrOvWFxkqeM","Staff","6707597161"
"813763922778","ZYxLQeylInppqAACGWEXtd","Faculty","4838839049"
"249482495179","zWheTdJNzKsAqzTyiMeavOuSkzfVwThyrQCkvNz","Student","7891568728"
"571171833104","jSbVoOXLOrIFMy","Student","4469393101"
"654819946663","nbiVGxtCRVuO","Student","1333719190"
"186754247156","CREtMYJJVZYOOezdVCMgOUlDohgimdkqwq","Student","3054968124"
"732340565406","yNIkFeARrqQnbOidcIEteHZGazxzQYCQLkb","Student","4110299959"
"234272543400","gYTWJFXaXblfvLdsciVUybHrrVUjJ","Staff","4773206123"
"263512212177","MkvIGETAGlVdbafOifDaMoHY","Student","5652303953"
"720067946197","WQOkGwiBlBWfoUMmoDrOMXUjbGgeytqW","Student","3955144237"
"916557859423","STvSOorzVa","Student","0734263199"
"677628041974","FQlWpIyIiuTakXRnmTnDMh","Student","0484570235"
"932186545500","npecuQjeYBJqTaLhzyHVcqrpKhudhZoWQ","Staff","2663159690"
"043866115469","EykfNgxHGkUp","Student","5876871277"
"080726633790","hkrpuNhXuHejOrMgJhSdWqSwih","Student","1967465622"
"997238442233","DPdvmNCNTLbEEbHoTyfMNfJJsYTOxk","Student","6225062119"
"131631650644","zmaUCxGGaiMvy","Student","5477538362"
"134878804443","yNJjbHHoejPNsoqIoaDvyNQRBOXNiGZH","Faculty","4295534121"
"377195150095","MSvUzuduhvrYvGwEjkHCLtLPIqrOomU","Student","4243846179"
"286807667458","nVYbjMynsqlaePAanvUjXoKkruZH","Student","4401678031"
"638824845008","skalEBubfIngwBqWONrUYLCYiMNaQnP","Staff","0902962473"
"152725595145","KXCmpPcZPVxSqqaRVvaWUz","Student","1496743266"
"475618742394","ChtCdPbAaSpUvjBOqfkJAYG","Student","2627561518"
"931135129688","inJRNHZjjByJLYgYGaOrJhGUskZAAhZIWIblpCu","Student","6405961545"
"614254803518","DuDOJHKmnH","Student","4048785590"
"746749279847","KHuXvIEUOImMnzSOQOtFSK","Faculty","6315175888"
"457253556727","epfxUYJmkcvxFAgVSA","Student","5602157951"
"609648246406","PSoyNIYVsoYUMlYjwTcZTMjRqrzhlMsaEiarR","Faculty","9311950317"
"312013730107","xLfhoYAPNlgARMbWBYVUwpZB","Student","8181898965"
"782603142399","JeufutixpjlqVAOtUWemEhUxSdKp","Student","5903999426"
"139075885286","DkAvnMKEFzEeIJA","Student","7883000580"
"338156913536","qndvyMxMmPuj","Student","0931964971"
"585130723438","OxnamHLCyMxjXXnmsQISRFoESKH","Student","0374024293"
"273564614682","VdTbVfkQttNvZvZumQSCtOCviQmVUi","Student","3219369167"
"692570473031","enWqisbkmPfJaIqEErUxsGSogGdKNisRY","Student","6291378440"
"636201003419","gbbRtvPkfxWQSXSRgs","Student","9909200763"
"659102639727","UtAMMifQpGGrIKFRUurVRqYgMXjtAmWu","Student","3967623480"
"487359860608","UcmWQKSAlBXtpLUNgMTkLQLe","Student","2644572134"
"331278904063","wVLhLYNskDGtmpXbkyHst","Student","7769185791"
"820905918487","dwQdFiwwvmqWphhSWOSweEYhLjp","Student","1051934235"
"325106837695","BRfIDoXcgk","Student","1585712239"
"436283990768","mLbMpJWVOrvRCZqbCbFEJXMMWQBEulqjWTVNetIu","Student","6443413349"
"106162426597","MsDtnNNztZoAdFMjeZAYBfSTmTifkFVyYyRNl","Student","1785500754"
"118289826020","RKjReXEJkLPPxBxUwoTtc","Staff","4326928153"
"232445186873","OeScXOfTMqLAEjlFrorILJykmaWhrgDHM","Student","0159755241"
"213914944524","ttybWfpsrAdkhBWczlgk","Staff","5774239690"
"574233311651","uXxvjfFpGS","Student","6217917483"
"939250803481","FmxkBFEMUXRvmarsKeTqPeLrCBxULYOqklcnQGBK","Student","1415188356"
"559842585369","lVNcBooHHyYfBkLJqLKDwc","Student","0687966521"
"082223814946","xmZhQXkjhEnULUYskX","Student","6938331946"
"549053029711","LwjJrVGFBFitofXhdNTpatAXlIeKzrZMq","Student","1351801767"
"833686741446","uUiowwEguNozBWMyc","Student","7533590206"
"861267241019","ZvHxhHAXmFYXZBiLFQNTJLcmAGmSTFYSah","Student","6207112407"
"815108628903","GOugjXPbjgVslucnvQag","Student","3119500557"
"372041978304","DNWYDWGoDNJYKVXvEiNESlMzayNWGycjlAhqY","Student","6137841991"
"789872182544","kACnjulzANDRPvGOgaxFzB","Student","3987424914"
"943955562293","rBnrIMSbWvFrRQdEppvbLGYGTliAODlgG","Student","5543043548"
"575870787260","ymJDZrLxOCkGuuvuWDLCqsBbd","Student","4156633240"
"578240628581","yBBscevnYjOItpFPVCDmyH","Student","8118691896"
"538951709210","XBlAqJJYPeZwElDQwmgCyz","Student","2551762039"
"411542983106","fBElddmgDFvScpOHFOZydyDvRLNGa","Student","5989296257"
"880486934016","CNoQAVQswxmdpMOVTfFwNwoMrnWOmolrczhCWzwU","Student","1613840786"
"760559950287","geoEDnzbWxOTnwJGmypyAKEsEZwMGty","Student","1088397985"
"859822478202","WoUkwPkmqaG","Student","6215086884"
"028922957313","jZHXpIDmMdPPY","Student","7641861986"
"953466835341","UtpzKHZaUXkOnYrbvjAqqOBHYwWUN","Student","3521090818"
"980304615000","LJRhFLwlKFLZQWxaisJgaiECIWokIqBtBs","Student","8593381109"
"201229562116","pERszsKBbpCwFLbw","Faculty","1422744428"
"734314035724","LneqAgoLlBxBWxLAstrTXKmfxwoe","Student","7870226061"
"151554672496","RYBoWPUqOGwCZuQxisJ","Student","7633238824"
"676387021551","OBqlKkwKBWtsV","Student","4380167446"
"567231576314","zYGwUZTMzkJwuBpSfzzRSBRVFgYYjOCJN","Staff","1392118658"
"763452816797","nJPbNyqyfXJFTuRZByfzz","Student","8350949804"
"871190723396","YezwLAxeZZEpGeUZkMDfFw","Student","7201519809"
"760029913031","kuqpzxMcnEEoVQRLybDeVViUONZyZLcLfUDg","Student","5045122309"
"514521837185","RVYyPBhJsRPpIMhp","Student","4091612462"
"779029418705","FHmQttHThEig","Student","5522999813"
"754626398270","wpGgvqmjaxfsGRXjEmaUjWmTmCLG","Student","1629888344"
"581920451201","kdFwFSFJOBLBhTJCPDbjD","Student","6123473564"
"998421162212","qibUMkZcWUJSNSbYkTLKKGEfLKECTkpj","Student","6787255987"
"883664246642","AQXtanfUfmBKtMmWiJOUiEUBIFHsvTOWJ","Student","1588005306"
"364104988337","LVaEJyoXRzZOhJzqefpmHUGXxHtVmWzXuzCF","Student","8659411147"
"937687279986","jvJfxNmWfrPzXwameti","Faculty","8016407495"
"666535912287","LQzAwvIQZcDJkkWSFfKj","Student","8037179255"
"992113573978","nlISqVbGlvAUmXbSqgMznffOJcRQD","Student","4659214569"
"661314165978","mGupakuItlZkTKWHcXPUqkmmCUpF","Student","7824852392"
"429489096588","RsztmPYoWpemZLCU","Student","6495095083"
"761216004792","eeQdrsAeTkFSVObdmwHqYVO","Student","1628750372"
"594955542407","OqxGQsWkEB","Staff","8490892589"
"454198616270","vQFsCjTqeNmqHpPEtqCeQsbHQcrGRTTmJygNIBdo","Faculty","5804193195"
"858574617960","TYtdAYrrQxrytWAg","Student","1832336164"
"036000316461","PLmKjMRPwBZqZCUYGe","Student","7057310956"
"350458325323","UoOqmWvhEBhHgc","Student","6949445138"
"303751115806","LkQSRzwznrccTkbNNVOadudUvTANxgcKqTfhsB","Faculty","3139690331"
"656863177307","ThsYQmzZtUkGLiUMTGeguQwdYGO","Student","8521893557"
"271572789201","WAWCyeqvvyp","Student","8623298923"
"872666692738","BrrWMrmqGqcBUXdTWUUlOQfARgoqkZrLqIIE","Student","2486133692"
"698323626156","sRqIbAODyInNJbygScCDBkFUyKeTdEavXTFYtt","Student","2539141385"
"100570694966","FnzkmuDqOhfVuycRImoYyawF","Student","5972815506"
"193796912751","vWUUWqbgvUVLeTHepNRIYVQ","Student","4373016870"
"090596365850","BbTjCqZXWuinxzAx","Staff","4535243510"
"581756138143","fIfeJhBYqubxKyY","Student","1459725650"
"494853889362","AobXYbVSoDPZJtmnzItcPBVCrvutFosfDVcdWzVM","Student","8486091525"
"684211889916","CNvbOrNtDbjHCm","Student","9737579818"
"729883078169","ntYxCcJRRUmghma","Student","1073173691"
"419400525173","QTTXbHXPuryjsJqwYzUVCKr","Student","5489339738"
"447579896287","aKbyPnrkhdUQqcDSFkSjZsCjiVBT","Student","0731636654"
"320932637278","TQtcnUxMjYOi","Faculty","5690025238"
"511240342376","ZxdivRqaHmzPkxufqowgpSg","Student","7281162411"
"529554401464","ycxgUqOMTeyAzkWwVwZbpSKPcTGxbWyzZ","Student","2324911528"
"760029594822","RvuNUTosbJgYopBv","Student","5068009823"
"866135515019","VNYLFzJgEXQK","Student","1685181797"
"368061048584","vPhCMXOMEgERYmxndKwBwVwtzSOUPUtklcozZdm","Student","9435123803"
"266261044761","RJsSkXeSJZsUEotOVRcz","Faculty","6157594320"
"633510987802","wzdTSftESQ","Student","5041382015"
"525425329312","apytTSMaBoAQhCQnnvuxznyqoiLb","Student","7208097613"
"955535408754","UIMiQxLIhfYfzLXLlSaYoIvNgIABpKYLUK","Student","8628940832"
"717099035531","VoDTZZDuOnAIGMFDaLYZEOcXSmMmFLfABlV","Student","6720055530"
"059205554757","ieblGmgIYhHXYgIvTwvfZVtgM","Student","2271186254"
"636971455683","RQjojpbUzxhdOHnJQ","Student","9490336802"
"838319376636","sxEaKnspECUznJXZOIFbCEHGuwYkfsyZrEZDt","Student","2109628038"
"634031615964","GZDMBgfvZctobhOzVdFQt","Student","5847335923"
"013500210439","XaiaFYVvQNbFYYangfaSurmqCFoImsxL","Student","4400710181"
"587306148482","RlqFDOrxWFzcOuBLuEjskUBUhBBLOxuhImNN","Student","0163453165"
"504008791660","NiAYvPnXXawKnXlYBadJYBEQc","Student","9152724141"
"049941110995","DQMGuelNwSYetzsXzEplNFAsgDYTdDH","Student","9782551556"
"753668676702","rxHkcMtkHoBX","Student","8556151639"
"418289474484","kwXRKaPAEUQiDhDVyMrpdKVcuMUe","Student","8380093047"
"067914824905","yOCScYXmwOG","Student","2084676555"
"616167117387","cvUpRIxikpGcKondRAvcyIurlGKOGhkkeebyp","Student","8149609916"
"714239377455","XVMczkrAssQJw","Faculty","8324151592"
"089656815014","UUgOnQlieAIPjoEKDOXR","Student","9219361631"
"418922024473","FnMiDlBettdUNYyJnPAYPHXdZFYRWjvdxilCV","Staff","1204354769"
"246617300523","dEENsgJGpzQCMNoxWoAgOUYlrOPpYqUEVa","Faculty","3645602081"
"061266024734","uRNQvkQoZztvxXHzPiPHGuZkoNoW","Faculty","0917848343"
"032583434534","fFzVVpROXMDZvHXQekMBsewZcrYjEEyJLXhGm","Student","2694901225"
"183301974381","dyGaFPPgLdRNObZYboVNHlEwcxHtbUoesU","Student","8380973076"
"313470786401","xVLLBFFKfRILqlmC","Staff","6669032938"
"330087910569","xRopFAuJpKFGEQohBt","Student","6556457424"
"541309871987","yJtNsVInNZNujCzRmlhWvQxweyRbq","Student","6094955332"
"480106347042","rKQPdRfBYwkyz","Student","7199792998"
"235498076642","WxBsIBtwyIbIIkydbunojtvLlscv","Student","0851213741"
"218676423815","YDBjxfgGde","Student","4400453682"
"470894609768","NAlvIozWNiGRSJWENGCAfMBxyhWBLZI","Student","7319259530"
"077875111635","tyRwksektAGFkdMjIcZfALInep","Student","8475701987"
"263288490137","kdnuSslswvkwYcPYeAEqhKLtCiUfQxH","Student","4414066564"
"726204401248","WUzDKWMnYjkSbUf","Student","6771493066"
"102995670017","WkXOluTCSzD","Student","9319193314"
"260193586584","BmvdGwjgZUNONKNCrESikkLPzpKKFClgqiMWEV","Staff","7754653897"
"294005593367","uttgSADwFsObYPlgKAJpavF","Student","7612299325"
"145394396243","VhtkiPsawGRcjosgfbLNMUSEYLWaWDiRLe","Student","9977708779"
"774483872799","DTJnmWrQrMnMDTYxIbkHHBsDDXPMAoSdKdSW","Student","4840486909"
"449738964830","WAniDgGeSVyqBcsahtinhAavLTPsA","Student","4206668504"
"492959344419","iZLbOddKGcJwKlsZ","Student","4546407862"
"283408313129","CWfPJxOFfchtCtjOArAKcmEpizOlZbUCYZTj","Student","5835202758"
"927151581042","liOLhjVfsJiEhhUBQYupfAUzjqaw","Staff","1011895742"
"193396764247","MhgWxJUXAClzAkGHGTILQocwpsqRFEzrL","Faculty","5505443509"
"704351133792","ycDEdwpkOCbZNvNiNCSoBFHiGtdKA","Student","2415885273"
"089338416493","QBeLEOOuYolLVI","Student","5925711297"
"571618328870","xGpkTkSqDhmSGjx","Student","8865138063"
"062157583342","JHRdoCdBwflTZeoJuhLzdwEwqABdibIRJbw","Student","1129736402"
"343476778556","DVgWEhVFKWhldVhLpQcFhfXCgSUZQOVtKbSQKN","Student","4797386690"
"370426262767","cpnUHXHFTSLChLUifdleVVCRjufYdKkHBxBL","Student","0410594776"
"869838281483","AxmEwpRsBhJGLeuatqWoxyFbeOOGEDm","Student","2420078995"
"763120184242","AiZIoCUUeVHAlkscVrATWTtVDPlJ","Faculty","3955445542"
"991669059294","YejBTvNHCIwu","Student","0555776855"
"870991589139","WyizIEvMbUoQuvSAgxapDPRqRHAuGNtDNB","Student","3693951996"
"748168607518","XyeTDRWJOgkxPGXQXRmPSfkmdWxszpJYNNRT","Student","6480746712"
"666223461891","CDRSSJnBZrzviVjFoqCbgoFEMwfglAZOdsiyDvB","Student","6465272036"
"584588190619","dIeBlzEqOgsJEfLvjSKVOJlxGiNnFdLknQLaRRqF","Student","8606877828"
"419747558201","UwRMQKrOwiSom","Student","9867498457"
"928139297517","ffcPASbuKLCZHfYPPpWphjUKnumjhbqmhsbjN","Student","7771292863"
"215101429499","JfGEhPrLUqDBMAQlOTZBOwyEEkNA","Student","8484023272"
"099065410187","AfwfpjhuQFjemFzIthAwtsqGaTkeXqWyXUfndOHv","Student","6906085663"
"978115673831","nKAryKouEqeeswX","Staff","3530571031"
"516684279195","rXUwqStuJKEPLzJ","Student","0093661200"
"131911057056","NLtCYuloqNmVywAEafCCYFrHhaMCdprQam","Student","6685865501"
"589681996234","VCOmUqanQiWhisKdOJCONhTsKCpwxNV","Staff","5106721207"
"187631342233","zRUVpHtHXEOJIwICLgfJxtnDrt","Faculty","9442512828"
"787046026432","nKPcPgvOlDAWkFAMCMIgxmCRWSwmwI","Student","5845786743"
"329141173185","uDNsrjCZWxXjgc","Student","2885276899"
"522609093098","KHxHsglMmHStRWGulfztwhHjLb","Staff","9438443101"
"503611297662","HgXpSISCSEXcCBJhaZAkAdnvxqaNELemtbdl","Student","9069145974"
"727930145536","cGyvkBHwYvcxIKaZbKq","Student","9871116664"
"225085135101","kLcMMpcioUvedBIwXryYiduLiZKmBLonwTZKK","Student","1606007303"
"005053908163","OawjaIvEdWcwcgRRGIbhBtKmwwyjWNjnOhY","Staff","4041867031"
"479943791516","AbaprKnHcHdZzaxuFkIshXnGe","Staff","0458995745"
"508936572831","LrhIEqpYMbuw","Student","1998678581"
"130333458355","PKedLyzpqiwUVRywelnF","Staff","4170885531"
"632564016578","TYMXMZeuVDBzuTc","Student","6441897220"
"190993872868","XWHwqdaZloptqp","Student","1312213361"
"081867165148","sVmjQeaDpBMvBtbuPGSbYsdvTEcQWMqQIeCaiCDy","Student","5534661186"
"710260316313","xfEhjhhnBDXnBbPIzTpSDUfR","Faculty","0261768089"
"193960025972","mBlQvqjWCNRFYpjoTUOENFtLR","Faculty","3007844120"
"988173266527","WYFBTrUQecgBDIbo","Student","1652747206"
"955777518034","aIFfTGtwENduLFrxYrEbjEaAjBLjzPLzySEryzp","Student","9604543559"
"207930863136","xiiqjIFNxboz","Faculty","6481514527"
"525168704232","FqMcTCduMDVIIwyXwlJc","Student","4241383818"
"733309012588","CERAPACvYPXdMQxeVPbSUCIeITCTBIkdmDf","Student","3203599398"
"927282096002","KIJNwnvZSFzYEWhpkpewmwBeqoCWweTgMCwKrRJk","Student","6425753853"
"894356317649","cjJuasgYdQAmjrFtmuPfnqQtWxyiXmgavPWwKEW","Student","0131000509"
"894132476418","rkYpUCNjykKDBQDGSssiy","Student","9626460327"
"586523464635","KtucnedLZHLcAleNNVknfd","Student","8594349540"
"128253372339","SYyElDHgGkdQbhmuVCJngFJTZMTyReclcA","Student","7603460851"
"218960387133","xIzzvBCkTiKOWupcfWXozuERX","Student","0495137082"
"548864746615","oZNIfghKACPLTsghXWydyJwikKOCDbQt","Student","6320147558"
"007551764842","nDoQgfkJlNTVapkPAlxeUOdzEkDgksTZx","Student","2968097358"
"473101903525","vkhpdhoozuFbKgSwHmwRUzpdfgySYCPVMWlrFz","Faculty","4341494088"
"874275590330","KEQxVwzccwPKekMKm","Student","1413368263"
"783787351660","zElJqxVSMDDHuELEswDxXrHRapgmZ","Student","6821727273"
"245686531860","zzLqGXRiSRNXELAnaszXRjxDyqMTiTEksqAA","Student","4739272997"
"676701842385","hltcdUevOpEbPnrDZwrcaczqMze","Student","5111065623"
"321548599624","SkRiXqmKezfBwwaYGfth","Staff","0937023270"
"777180470783","GLFPQAWrXF","Student","2726218995"
"077669452733","WiVuzSBFDlnnpjpGyAU","Student","4525998843"
"391194379827","TuMzSPtZfMtqPkGkjQ","Student","8769406580"
"221060676848","DkaLuLBtrhi","Student","9874897039"
"736616101041","SyVNPEVclXDJiuowXudn","Student","4407639050"
"819073736504","IKBieFvaxdUuyaxqTvD","Student","3158085581"
"853014908433","JNZCiWfUlkOckQFGJcIMLKXzTfQbS","Student","1202007786"
"924979725425","tQIaGlujrabXibYXWpWEjgFJxpMZLBOG","Student","6423146972"
"816577255034","OuPcyfIsBtuKyilDYJtrHhGxpzwHYewpaNraSB","Student","1636897030"
"109846962002","jPKcPDEKyaZeV","Student","3943063931"
"894916897811","LtCMUijSiGOLAxEVCIMbw","Student","0611615778"
"812833075778","JVWrHzpKTMDVcvCbqUVpBhw","Student","9446348450"
"211995590700","AqBPRkNmAbEkWWRZLtxiXIu","Student","0749968165"
"204100544149","tHvCgeWcOfSByCxrCtByDyeLZQhZyvXSE","Student","4090855029"
"886417387975","IuIdrcjKAvlwJAxrryBhsQSNDgHWHEgpYrVRVG","Student","0896580312"
"023680327279","OJXlBTSFpwUJJKBQtuzLdXxbZNjXmUDDEdqHWiO","Student","2248306427"
"075326191562","mJbvFjjsqtrg","Staff","3495492946"
"756034278081","kyYARpiIIwptQCDnSrQyPUNxFkrdl","Student","6142929729"
"934653319050","iKDVbGgkpBQVYQVfaakzzgEcSazuXMQgwWb","Faculty","8951667262"
"516707852635","WDOEBKFZPoiKyiBKBPbUeDMRNLLPKfNjkBNMOV","Student","3197061296"
"850334671754","yJZmvNhkSShkEPdb","Staff","1994250021"
"996109226656","HZumPZPpLQvnWSVsUWXlYabJchruujhcLBQ","Student","1318349542"
"966089610498","vLUZYXPaaWwOvKrsVrHxoTNnjHVCIVpFjjFJgW","Student","9765083972"
"610667155332","BPXgzGcLNxtMQndZdMrSMDuyBIfaDLP","Staff","1664099582"
"605938732603","dRfeuQvbTJNTEegNvMJBGl","Faculty","8841646049"
"501810184168","QJiblOmuqLCjn","Student","1260984794"
"100489504943","KdMXhVluJbSpWLnqsEf","Staff","6317812077"
"365318984679","UkFMCLtznaEFgDTsDQaPRV","Student","0894463025"
"782239531824","WfcyUTuvvgScVOFzFtkhJGdap","Student","3047553537"
"790644475682","MpYsUYjXvtDqnITimrzLLOPYeqBaSJRgAPaXpMUK","Student","3304818181"
"741937892910","kvKAhgMmgphSoMQ","Student","4949054035"
"226409909219","jbgbRStuISZvVCHRKxbCHhmEJHbriNqrqwUho","Student","7734845651"
"901802913027","DQVZKEQzgpIKjpp","Faculty","0203493804"
"308043835645","COfmzuepJkhYmmXUipTXrnrbxiKv","Student","7829034453"
"373383864989","dmkduUaZFTfetCE","Student","9899127635"
"243155738638","oLSUGvzwavTrstKeUannHqqUigMuP","Student","7883696979"
"042253521814","JhmPTGhyNprNrohTL","Student","7572207437"
"773744086120","ZtYPARAhKZAuKudwPYCwwTlgBvY","Student","5293992283"
"950550157211","ZcdffaGYGMalKZFmQAVTzeqFjt","Student","1793011013"
"471032838894","QDZILiEXlBtJZsMfxPRFzqMVCTXbQcuiFuRqCvQ","Student","8715517720"
"876251006824","gIiYNDOdDXEabRHevgMzUIyNyWHfxywDggBvlS","Student","6188878490"
"680544303211","SgeWBpOCdfkWaKUY","Student","4134678174"
"415697593451","PLaPvwNCWYdWGYpIMHmnwmKsvCP","Student","5400163541"
"167344910542","lUTDqXUMiMmLRMAU","Staff","5485729861"
"623095545027","IlkAXKuFSUHFdacwYViKwEk","Student","4814385989"
"376092083225","eEsrCyBtUNyfu","Student","6896364358"
"463800058066","TBpGCuDHircQwOEQyqUMJogjqhPOzXiUbZdDVi","Student","8300987923"
"543972542109","ecrhhnRTrSHNSoqHQkvHNwIzOQDvahNfLHOT","Student","6452408236"
"499103535691","gwRRdGKzOZmOxpHjkl","Student","5215788569"
"657469847180","xJFGSPRgezfleZNTGNrZumLTo","Student","3783157411"
"385592488430","zPNncHBgmqrdUAEESAeyBjIIAWqgdgbCxOrzX","Student","0975397351"
"556550994973","mkGCBHcWPNjQeqUCDrbVncwRLZTm","Student","9167302388"
"061583745082","GeNsdHgPGCNrfnbqskTkdOgnDJalnIFTMVNrCU","Student","2817946484"
"184599849193","ofuEYyaGiYDLbppvuikIC","Student","3997818309"
"465063809736","uEiCOtGeArzQlOAWCbomgcWNYOsZTZOQDyUT","Faculty","5160504920"
"443627540589","ZJDeKZABAxvVwDdMOhEaAIUWlCuDDpqeBvjl","Staff","7638065551"
"545193039472","oqMrnxCjIRiSBEzqduUKTZtDBYWezWLNmZ","Student","9814203539"
"421567236316","XdPksbMZcKjnrLGQPDqjgNZtGqZbjftgKKTdM","Student","6617101166"
"175142142608","JMIthLHMSYchdkKPLEiCjfINYX","Student","1363645527"
"945902499145","CnfMaFJMwWCNqHliTyftDCyPENowNsvRFcD","Student","8704964091"
"647368181398","UIvnnxQuHhooTnkxSTLvaermBLneSDColX","Student","4259015460"
"433764529314","PmgTcrsDUpYpvZcrvdxoyYSobc","Student","4510196652"
"902403941238","YkxsaavXqKoKrVlucFPQTbb","Student","0312801644"
"556824634621","rEdhxGKvQZBcYt","Student","2719277736"
"272616555357","ohtrjTKWNgRbgwYJbWdSOMJsn","Student","7044803586"
"888389239944","YNimYAzdcwfsMwszeADYFWBArMu","Student","2612374266"
"926126561794","MASORgKFNBlTeAmiSeS","Student","4792253969"
"883939794043","nSuvKaPzswaqoJpXcuAgZVBYwHfLPwvEQPC","Student","7561609010"
"292667974187","ANbGgsiLJAPsQTvuilycXcAJBDtxoKFqZH","Student","5552135978"
"735423665728","xiAcyzJXhlEzYLHdkjEFwTX","Student","7664050958"
"923936410041","iSYNRtLeyhhyb","Student","2632555602"
"014077631652","UrlbaJEiXWXZjXscBkmRapC","Student","1259996767"
"042429420996","ERivtxAviySPdBjeCqICIsLXYRl","Faculty","6552252802"
"764137887209","YlOVjhgyDbJ","Student","2070097630"
"120993186734","gVGhykQfYvLSTqrqWn","Student","6778086862"
"282131756111","RcwKUUzaziVznxhTBpMIcDXxrwJoTSumVQW","Faculty","9392943880"
"694818165401","npEzMXXeksvyyMlQYHEPte","Student","7255686733"
"914626499257","hnzMdSsUeAhBhPvYnIVMIQioUbqZQFQAvpma","Student","6287336322"
"887271032817","RpWOFiOppkBylsOEcEkWRebVhvTle","Student","7136546955"
"561503187451","CkbXdOEXYbgCnVsOAycHbBfVEKsulHpNRqL","Student","7333667359"
"297607940162","HcPWTHjqMaJrTLaYkcWIdWoIxCifADFJFWGafrqu","Student","0175696048"
"382221279543","oZxVqppIRbTHp","Student","9517899012"
"584027364440","JXJmsqBzbgQu","Student","0773224656"
"385741950827","cIudPlZYbphWFGGBlZwVQNFzQIttTAoxjkB","Student","7686359477"
"924196081159","etOBeYEEWHE","Student","8453134676"
"568679381921","AaxfyGlwgXuHxziZKi","Student","8848076380"
"593704741983","GMsqndyjVSeXahYYauXLTWvxVLnShCMpQeFdJdmh","Student","2806288539"
"274663972710","zzcLfQSDJWDJBelcZawtMojHtSlCnfdpFfaKySPh","Student","0890576389"
"548027988927","RBmpVbYmVSFUXbSgvLzdpbfMrOxMYYoPAcHvFh","Student","0274166435"
"367525882889","BBIiWnSgNSxKTPyb","Student","6303048843"
"822665245723","mcsgRthVTsQmqiIslFkZDIpcqqaJKFUXImdb","Faculty","0563549954"
"868427521103","sJBCxgDFucJbraZPZpZDrLnEpyiikzoe","Student","3059008861"
"066313641605","qRJASYhapNKpzYJoWe","Student","8171456716"
"526006787591","WauFoqKkljfgTBChGQenSufzDxm","Faculty","2905466254"
"543647330278","gICFOBRFFhtiVaTbXnsjV","Student","7020068838"
"439688987302","JuSzMDuFeQYBwwlqUbSrwnSkOYghOycyuwz","Student","1582785356"
"757789447365","fkjfEFgnhBeN","Student","0695482353"
"227174957500","sstzTZmhtIEBwApfREf","Student","2468327847"
"403956097111","HFMoYqtoeGaQfOlgNqmFpnXJnckiopdxw","Student","6137365185"
"685569464151","UxOLANKRbfzlSNaFRVhJyYSLXSNuBcUXAIlCY","Student","4721428553"
"257517845890","vyqGJTggPfIMucwhbzTKOeUtb","Student","6917757658"
"174284644871","rmivgdYIwNMRtNmpWSGJEMFYIWWatVVmJdkPhi","Student","1426378872"
"660834872413","RlLbauMCzkozDpLlOPzWZzKhlVNvAocUzpxcJ","Student","8671720877"
"309837945213","WDWlbYVMfhIArgMN","Student","9961720985"
"301280331328","qwqHCFWUUx","Student","9790677998"
"471932272776","mbaLxxiWIvHu","Student","3492452547"
"866234978051","qecZzJVRonqnuljNlmvbc","Student","5892799084"
"407086384536","CVPOrQRZpRMDAFLDHLlkKtYgUCQLuYNWUCn","Student","7842168295"
"308026044257","vXDrRgEEbkqlIOBitCJGQXE","Student","7950644791"
"691398760589","WEKeWkknrnMDPMFohlfyWEuJLGjFi","Student","6829039744"
"404047456305","gCPMnWwZCdSXRHColbBddDHmvUHVGAYM","Student","1413124483"
"974429370468","HtGnvhCxwaQkxHAzRpthjdLCMRAADnNMiuaEBe","Student","9245277785"
"496539949932","ypBavEeYFKURqxCwSHYxW","Student","2958072380"
"670776568833","cLllJJhLxU","Student","2524004696"
"562040885802","FEINpgjucmOCgcKcLYbxY","Staff","0220020223"
"082886204183","ihVgjUeJMzbud","Staff","0746048834"
"259344543456","bPhcRBfxcjfkpxQpKfDsQZaecobCliWPX","Student","1611130237"
"016265040242","oAawxrVcjmj","Student","5680952314"
"187619250465","VacXjoJtnfpjxizATUxan","Student","1468704299"
"057658925126","BgZvgBIJAPFAEmxAZQYmJiploh","Student","7738141404"
"390675874466","KqXZdlgaUSEI","Faculty","0652081160"
"867405057822","TjQpDuzIMxXwK","Student","2544534939"
"189021614445","WZVVXshBEWxOLYsmUqgYPMLqGSfS","Student","6776907786"
"129948442864","ibbqUIjLfkyBhIUYaqVRLftfLhVfEmQMn","Student","9782874844"
"904106619736","kdFwTTmOyVsmq","Student","1255351559"
"398326489150","zjnWBbmDqzOPOG","Student","9125038494"
"397811368302","TwZjmpPldHVmPIGcQ","Student","5135240955"
"175836530767","QFxyNzQFEpYZS","Student","7335600467"
"919888247680","dpgUPHMztVDCHDITXPPbmjZcON","Student","4115607337"
"176340236610","wSOXVeKUwlEqsCRtSC","Student","5071224985"
"115772660782","sCxMxpoHytFZFXYEfPLqhLRTdxSSAcN","Staff","0965452561"
"892621291343","eEoyGSmbYZhdbCseSlhqgJsDbfTcEazkgNING","Student","4057458014"
"980120792408","ZCcoMrUjHbEHlbLpfHgpwejaFHmBJExkIb","Student","7136000932"
"685848422897","sKzrUiVsfsnJwjtKqfkQysxh","Staff","7137809251"
"490200892394","yzkzRjiqTJtWNPTBOiLWwPKAhiflBtFB","Staff","3663828314"
"829586664055","vaIWtnZqFaegKicGhUoVFaZbYaUonPMIPWgKMfaT","Student","6548561168"
"624076015711","mxyACbtkHUeAZEXAQuiFo","Student","2663337471"
"769932980323","utYOdfcyZMYUfyHPjiWtLhgHHBZkXSQrNqHRvlp","Student","9948505967"
"821596894710","NCaEzmTTnImuWmpVyhnUkMAUoHOOeDhtfhX","Student","5825923546"
"039555677604","JfHckrCPOUszZEEahBWGEIBWEzh","Student","1358463597"
"487811307674","twhpCGZumIlAxmtYDOQJGbRxsfo","Student","4087091228"
"386821221680","OhelzjcRdGnTLsArGgsgWFhk","Student","1771776639"
"359028379052","XVXUAGGHJfRUHQwtTkdIBfdbXqmhiPzfKYBMEJt","Student","3602087088"
"480375262699","NkTzqeugTJsRlajLvHsrlDQMfeyrhKJwUeVMi","Student","0416101606"
"061353492883","fEujbhUvBWWoTND","Student","7503650999"
"380901975649","zvspofuQWHIHV","Student","2973273387"
"272113942344","yRTgzBDZTIhyXISCGDFvT","Student","4851205635"
"339361211918","bvggaCZIKHnfXhEoZeTmJA","Student","6730660469"
"761341596192","ZFFuRRVtlEexawevsDyXFBBQQoNNZtpAYUVrns","Student","5880606194"
"343037356051","vlOSebMqAkGZltdGCLcgAYNgnIyqfo","Student","7373050072"
"185480638428","AgfAYlOhoQHjWi","Student","6327491499"
"773168904481","nhwwSUEOPSGokFMiVJBePpgr","Student","4122474958"
"427033833799","xeZOVfHCujyqDbcHDlDZAnkHfl","Student","4791234651"
"975492694965","LdnVKUIMwjPvJzRXeVvlsDQIRZzMLcMwgZTsTCfS","Student","2957729618"
"279188618892","rILkMsEZOSyKzVJDMUBlZGaBoF","Student","9227748200"
"415887790632","ZbKBfZgYAAGROWwOAUQeFnICKhjnUNPTPbuUaAu","Student","7523741263"
"066627518735","mefIHGcJLdDEDXlb","Student","6783302040"
"797697432418","NNvqLiTXUAd","Student","9311738627"
"703027402307","lLoihqNbnUsAosUSgFsmoyr","Student","2915980034"
"634325445426","DlIPchgfXkrP","Student","1565220662"
"228983788377","CYYzipoxXuBCCeqguo","Staff","4442912969"
"791121155405","YFqoMKegcvYQgwmUKCvqtwYmhVWpQxZ","Staff","7179373944"
"716076028302","NQScipEyUvdNXRlEZLcsfMdLYLIH","Student","6120394593"
"500777249121","gZPemZngGRocObjDsmPHwOuaAkDXEybmZsSmUgUA","Student","8694738323"
"288868571161","QirKQNkpxpeLCxwchlcdXAbwFWzGWqLNac","Faculty","0709352295"
"093410734906","ZtbKIbpHSeVzTWlWcXWLQiVMUImDzJMaENmO","Student","9366907151"
"568926494612","UulaJyOZZMKhFwLutk","Student","2056915379"
"773304846802","LnowkHjAxTxYKuxGdiHwOFD","Staff","7987935345"
"749428452494","BqcXejACWkXSVChUu","Student","2306582317"
"277751522523","XplbwHwJbTheWQg","Student","5344331403"
"988431529145","zQyDMomQxjWhsFhrQco","Student","6498127462"
"358872836648","ZsqSKVgsXmdXDhWZhqpLcBSBfNrhRersYjkIeqa","Student","8515749686"
"313768412833","rslBZdBDihGr","Student","2261002370"
"443827140776","RDjZKQSgwtZVTZRxALjqVlqawrYBCyiVcrwohpXg","Student","8557545470"
"786127648605","zsvjHspRQSwLnbIWmW","Student","5517271253"
"865874915435","GtRoRGNqRQVYqAcRkP","Faculty","6695086729"
"383445546790","bBtFUfvJHZOS","Student","4218368822"
"696275501632","NHRujhnjDvUvnBbRToBrMGMQtyxHfJrurKPcR","Staff","3631126604"
"233791909270","KJOuaQNEbJf","Student","0879033360"
"391383395141","OMFsppZARvUoZRwrmCYPyrChefMCTIuHWB","Student","1660288619"
"289309585084","SlhOSdqVogXCSXmTXqpPFsGmTqXeGpDzAKP","Student","3779878246"
"354952950554","htoiwYYqndIsRzCyLZX","Student","1265236982"
"257861424334","vJqvWRsVeHv","Student","1822844412"
"258493938686","IJYEOhByQgYeWokEtUmi","Student","6996472244"
"170973239619","hPRdlGlzCnaorBlGxNHdrmYAUs","Faculty","9328159461"
"952418661268","pHvnJphmAtuYQroObLzkLat","Student","8872663132"
"413834764754","tQEDdgzFYHLQzJRio","Student","0710179918"
"481560978437","ypIhhsXuYFVNOMAXqFxcqTEGSjFSWezuthdc","Student","5590628775"
"186343399863","eYJxHpcgSbIaVuyejTDfnGsdnNKGpk","Student","7800438811"
"233131683229","BzdNHsXengMFyKCWbXFtQIiOYttutEKwF","Student","9451221529"
"905694746407","fvgJICRXLdJSWfHBlwsriIXaU","Student","3290307191"
"161006165497","nEjxdLrYOFhSivUtxfgN","Student","1342106293"
"590752618075","gnSDsATHjepniVWkqhAOCPR","Student","9461110846"
"132822171739","VFlJJacvwxDFCfLOTlICKSuw","Student","6729706230"
"986465750272","ksKwlHSwjofShbwFKmoSf","Student","2050087541"
"148230900067","tSxFISmaUjeIbsvESVcc","Student","8697809792"
"080106696335","bmdThfVYrrEJqOM","Student","9539760529"
"174621996225","bZDKRTxEGehmBfQmoZbPRIPiBusBeZAgA","Student","8903193672"
"876664118993","dYkEzSHekcfacMviFUWQcYCOsf","Student","9436784910"
"417929544914","BVWdlQKWvcdgx","Student","6107546685"
"131346541936","CMxEQfEZIfqbSSvtOokNfByPQK","Staff","4910131695"
"257118535839","hOsFgLRcNsPVYRAGINubkPmIARdJlMAsduzjfqN","Staff","6954820450"
"861460627187","xjwipoWlyb","Student","7157708789"
"251098375059","JSmhFKKIrjdRnIDCeOOfGqmMVOgxpJvABHIIUs","Student","7048349332"
"066498210389","IMaSvwlMkpIqGPa","Student","4830401422"
"552663779612","HdQAlFAnhAayIovKAmNikA","Student","1331175725"
"904349060028","pFucpEeVAFfxCoGHevDvwGplsKbDogLf","Student","1001613688"
"021218304930","ZXooFZtuGdySuyDOGomdFsETDEgWrcgr","Student","0316614444"
"800066251778","VwZPyHgaDPJbpkgXkAxMCPVSugpTaixxEwmF","Student","2955447282"
"598793681398","RAcwyRDeLKPvcBWEuuTpuVoItgRYsUfjWKFuBi","Student","8615857594"
"420348172194","CsHKMKuNyPeINvpqkT","Student","8685412833"
"245899536479","PUufNEAEvsQEtSqtjvsxggUCLDsdizcAVwFICH","Staff","9673533424"
"675795661026","mLetWGbKgDpjWMDkUTRzq","Staff","6502607487"
"085296893045","fpTZIspqThZXpPqoMWcQZkBdgUKQxPrCGkBpe","Faculty","9904370316"
"350836100583","LcxVfoaaXzAGWSem","Student","6336284307"
"190142824026","jTMInswmKvvghAjJGom","Student","0305249465"
"098453034039","kduTmIfVcLRFlVArJ","Student","4788221881"
"192956930869","waMTBefNkQfQ","Staff","9907339554"
"447645589023","oIqayXtInktQdGpLHJBRoFOyfmh","Student","8247885272"
"961854025660","QsTQxfAEekMTfkIxhtysoS","Student","0138998082"
"825367955243","nPQohegcqdPqMfFZllfJRuICOtyajf","Student","0890313966"
"981298353661","qbfqEowbPSRbAiWjUVIXiqgWjBPoRcaiGgakWwl","Student","3835916589"
"283963299425","QJuaitNvksKdfWfogsvzWkpJcVKM","Student","7673519802"
"481971249518","hkQLfcakpIHqLeXhoCptRACgVCZgzwniGFUn","Student","0122810005"
"029371436816","PHOvOkkXGjALPRBbHadC","Student","7711399465"
"190040053196","eHZojEQZFFigmFmOVXDT","Faculty","3945478452"
"085414869044","ucfpBkiBcRpTouQ","Student","3281032619"
"533907195399","FLBzBxRzEdNfjiLtAUjtumfnwW","Student","5423172027"
"937546899074","YGhevDCuKEmFm","Faculty","9838885323"
"333509411272","PCsWqXKHBggXEmVFlWZQpCXUzEHDRQk","Student","6489820139"
"435596801568","LuPolhbtAfynJm","Student","4541108086"
"014698071827","KZTKmeyTXGcWPAWhyxfqlpzJ","Student","5667331685"
"054000467204","xbwkqWTCBUAURlAOsPy","Faculty","9019698892"
"755176552432","gvLwNcVqKvbneQeqG","Staff","9501468985"
"428931397097","FFIvJYDzIAdJxnzOdevFUKDXvQFctWGAdoyMmbOw","Staff","1797552760"
"081383666721","QffEITbMOInvrfIfrAN","Staff","7402168001"
"622587853301","bYmgpMvDjSLtfLmHPnZhuZG","Student","1526533593"
"578561167813","TmCCiBivVQoV","Student","1001680436"
"762666957297","RYyoqMjxnmwWgYk","Student","9935101918"
"657648840802","vsRUaPegkjFPxhEenEViUBICjeXFOFyMXqizf","Student","9042538419"
"085696120617","OHUGrVnfcfdOpakdcTzAnQcpJ","Student","5524289480"
"538599924412","qKEgovrDtUhNub","Student","2739016118"
"572811198189","jofqcATVQWIYQUwgLGH","Student","8872960261"
"310972507529","VRkbeQkmbkbFviJYUgLsSg","Student","0309929672"
"283599693193","hLiSdDZjnCxLVrgchQszhD","Staff","1144439242"
"724055346839","FKtYkAdmNTchzbsiJpZkRVlCerO","Faculty","5536068096"
"267184004851","SCPuHhiGcchCeE","Faculty","6590161124"
"272988871408","ICRrfxVIRUplgTljvtZCVRTXBMqhmRWUVpl","Student","8945575386"
"529026753453","NcAjYQXAeGLkLoBzLhYDEwzyQpRKQcMg","Student","3579635847"
"636901717741","NeIghWOmLFRqWWCupz","Student","0450743529"
"895999285216","SARWVIvbgVtybTnuddalGjCpbsofUSaMtuIocFR","Student","5654698122"
"428935195735","cPJSupKHsUsYATAkxcGjOFkezbXmLsMNKvGemq","Student","0836712983"
"521385446271","wLKEPyUchjHNYgYXFlePOtjYhheisfwPQIth","Student","0927793590"
"444792733419","NmcDUXLbNwRorvNtyjdNmDskO","Student","3443595791"
"301006529496","WrMbJWPglakqVcHvZvSHIcnQd","Student","8844651860"
"884342472981","GaSJQJoDdgkzWpOyvoyrUmPKqjfDXamg","Student","2797308245"
"453753749386","NjPmjDsMjJHzNgRzqNJQwsLucXlXBpjoyABkdvy","Student","3216071280"
"447165586673","MHEWmZWbeEQyUxTdRAbkXLWAUsygGGHUPlscNoF","Student","3725152416"
"469167735353","GEjkraPjvlDmGoFucBtoKo","Student","3548991454"
"885416149588","BsXUGHKjWpvTSyinKctIobvMCumR","Student","8210194738"
"737434788132","CzAevoyWQkzmvXQQeEidOUVYPdup","Student","4631081203"
"246639508369","quFgaZXFZBQzigSEUlRuBpqrEElyaKHq","Student","3698348921"
"597378603682","ABAAOisvzTcPqQHpuYYHJmPFSrFOnVpNZP","Student","9110862656"
"124252939576","CDntqmKHBkOJKr","Student","6650002741"
"036094224988","zSHPdUgDwSEapeAS","Student","8916121347"
"447151731538","CwoRdOlRyeNfnDaQWZEgoQsA","Student","3346330373"
"883401193217","UyzLotlbMaB","Staff","1436467211"
"434466557010","bBkcPMDfVuyNmrowstwjnUdcMRLac","Student","3601299200"
"877802061883","tJbMuDrPeXnPhAOVSIhlRFxpb","Student","1864139241"
"510941611433","CBbiArLeyFAmOqJAucPnMKFhueEubTEgWGQxX","Faculty","1710134402"
"093600588594","xANdqMCRrzYVIYTcylap","Student","4169076119"
"456076207471","bAZzMZOGKGnlSKKzdZDWDLHTYHAmKhiLI","Student","0673677583"
"362435881111","sfdznrJXBFiEKdLbLOdGqJXwOuPzJIuDpad","Staff","5630059424"
"305649637618","loiODitgzIhTerSMffTFgGnxcTNquR","Student","1050777969"
"745825551373","TxrGNMZQTHEPvzHoUIRiqnQJPgWaBPWWOQeBCGUX","Student","6967215649"
"666658479850","LiqPOMNEMcOlY","Faculty","7468324994"
"564534292685","ZBSbpFBHMi","Student","9513408984"
"510924519148","UwSvdFfUeuzHytxWxfliJErsTIvoACB","Student","8989217408"
"229960192497","ADuOGyRaYpUdrwEaUESozhh","Student","0217411065"
"767059538556","rqhiPQRiVDgiXxtu","Student","9728998728"
"287571615607","UBHRAblWCsSgCtQFVhvVMAnfkMsmFOMzRtS","Staff","0266223497"
"182484270852","AIrBAKuuHaMfAuKDzIMXoTTHXEH","Student","2190464086"
"852290075732","WNIDmmkCQLxVtl","Student","1439953073"
"832179943261","tmAQhvEIDMnOBSwCDrawCfjZhlincD","Student","9725257005"
"373373321522","ndmvroBVlSBZreqZNWVkFIdsdPftezWTD","Student","5830584671"
"263908598612","GhYfdRkNIGoCzbNvoQwSvLwtlFCpgqjMxJucBgPL","Student","4441785368"
"350002844893","rhfunVfCBVriyBF","Student","7912035429"
"808341635029","zGHjfKPbtmoyUljwzsZSKoounnZbmmTLTdVANmB","Faculty","2559441644"
"029042545520","xvwXjIaSgTxbYNVCvNApw","Student","8452916246"
"365646041183","JtxwvNvhrpVnJWNX","Student","7625383346"
"520359101250","sneDjRcHDNdMuDtPQTAQl","Staff","2752879025"
"001199906864","pQILSyWEcXBoHwDiGNywczetioyVlyNcQvNJvm","Student","6538572361"
"541844352649","cVSQEPEWrNPGgGCjelmByPbeAQLIQQHvLz","Student","8894021217"
"642351148381","odkVyyWlSoCiwjnoyAIySnLnqNKa","Student","9418565586"
"599114662288","aOeqdqSxPP","Student","0877573062"
"388942341409","vMpPLfEsxcdwfOjhPUqdivvD","Faculty","5056123506"
"793909203016","lBqWWLzvNzL","Student","8303362413"
"615648025958","kLiFyHSPrufZbMRsLLuIMBI","Student","1962662476"
"800093690854","yjChVdreEkWrrONjPPHtDYNJkOpydNeByjkWmC","Staff","3426301774"
"878067348374","kKXXGLbiepiqxWpqcGodcNRhwVFfE","Student","9662542636"
"477548304138","ELWbrcFKxVOojbsx","Student","6753212516"
"947100895206","MgjxhBwHECPHMADUu","Student","9070178050"
"318551235289","XqpyUjSWAuviFIjcbHRMzwEBWfGun","Faculty","9594999793"
"587572700273","dAUiIoXzlKHVVMqAmNA","Student","7751681855"
"067622879088","VJCYxpyHIfbQxhxPkCHuiVkYxbLNbIZzTdxqs","Faculty","5908353883"
"159387717072","IDrLCHFZhKFjFgtA","Student","8738237974"
"147646399702","nGpuMkULbRKhtGoaVzWvqS","Faculty","0301224270"
"206889180474","QHmocCghqlfEOhuYVoWFYHjuUF","Staff","3788738972"
"126894886170","WXQgTnntekhgzeuEFonnWKanY","Staff","3104987162"
"021268488487","OqTaqgYodkcBdpyojMNTxROpEK","Student","2021248602"
"199773243008","jbNXTTjGfWxMwDO","Student","0009078595"
"895692226153","ytAlQeBRiavXOoDtvqnK","Faculty","0164525070"
"191031545176","jhkgaysxoQhgNfvCBlrq","Student","7732386267"
"962900198732","eRphcGxhzwivtNTNxLSpNFJnLBDKcZVgQ","Student","6489750655"
"521299687978","yqEZmnPYdkrSniCzXiyidZdsPoLQjTtkMzj","Student","4305178622"
"032075338279","MdAyPBkpQLNJYfTaFKagkDoOCD","Student","7032044515"
"923667690246","MVuClyfVrlqTGPVzEbChWSBBgaCWiONUlhx","Student","2215661072"
"999962519959","BmlwxsTwAXpCnbxLCngkH","Student","0342439693"
"447982571539","EattJfCQdbRvsshgPWIxFHaJFFKSMZISaDllIqb","Staff","1895367665"
"653666516948","SaadIqHyIDmTSgNXzobwBfd","Student","8257662542"
"005531354155","eyTBZYgtocwxQWv","Student","0643318665"
"082687046784","ZKDYcbWAaSMJ","Student","7994414674"
"398979594140","cmOEGAnJvSAvKyXyLQMNWBaNZVfIWYWYM","Student","0963867917"
"133095339190","QqbOnBdzFYmyC","Student","9318641739"
"090480962073","sFuqRuuNfgOlyvM","Student","2761729738"
"035307427583","PJhCieQTEmzexjnJcvlHSSbjfr","Student","8707258058"
"732368664769","iepLPudieGGFdNPzFdoqWRcWSYIBzUYHYn","Student","1537987351"
"624818420821","mSpMbPBteKreXZJUiEHseZRwnKRZukuiE","Student","4903659775"
"683030915086","XYTJUDPgauIvUpd","Student","0821134445"
"143012863474","NMxLjMqZNchmrsqRwBdNvrelDoPJb","Student","6127091208"
"436728546631","rKEFbPjjPAdKCgUwi","Student","4373778456"
"765333245914","IZXOTVWlPQQXlwL","Student","5292927361"
"063435970442","gwGdkcOriAMYoIHLPofpZN","Student","3153507580"
"898077006406","BBEGsDtfaO","Student","3263743551"
"850056575042","shInmIcWsQHPtVApRhlmDNjewWPvIDXCmFP","Staff","6916969777"
"266505015190","VoRZcZrBrmybYEEFFHdaRMGgiAAfNkxlap","Student","3076360442"
"431141620822","aPHZajolOeoUJgaRWmfr","Student","2978399635"
"298190804497","dlxCafTGflhuQldOOiQJxqFV","Student","9508244262"
"871022987019","caizSNWabFCNALfGrZMEpayPXNIEGSdISlJK","Faculty","7647651357"
"841277152690","drdxfohGwRinGZEfWByTMWG","Student","1537746415"
"409903364586","khOFTLmsEXaKUyIxPlxmAgoOjDoSp","Student","7965964187"
"829545680122","ImdlBxcwGeaEnWOkNDef","Student","3231252480"
"487618237823","wVZLbethzpzJVm","Faculty","5019187470"
"068492425857","hRQGALSHerJfofzkyPiSjGttBsDhrUIyLaeNnzX","Student","8282792223"
"449690021335","EZQsmppfHVGLiFCUWdzUkBNrtMIGFksj","Student","9700450193"
"077078739082","MSyrcsdOdgMGbTssfPSarPpVkaKhasANNAePT","Student","7409671870"
"460195473981","RWwTDmMmPlEHt","Student","6458038125"
"518601274285","rpSeUbxttrgFBBHQtSkTmslP","Student","2950433093"
"601174268934","ZuYlpLDbHSchNgBX","Student","6309494864"
"818977944655","emGRsJOVMrTlXlDmZpO","Staff","2991047612"
"994146768931","feSTFhHYtElWgFjcJeVQoy","Student","5933896161"
"358040062269","GWidpwdGPrNefArGsgZFcAzzu","Student","9830073824"
"302473126412","yCWAbvwZCLcXdoQEewBAMPnPKgtWhqQhupIXKeyP","Student","9413673484"
"453145308970","IuIUahlskbNdHoCJqCZlQfpnEuSVNEiX","Staff","2907949698"
"013731315047","OxJBbtaBLuDNBYAJjTzhOByNCb","Student","8428417806"
"699628709382","lmzJBDnipJuPTdAhpcYESKxWYrBVTZve","Faculty","5692110885"
"170152154785","MgWhgsOvPemPLOHziRI","Student","9901086063"
"381445421187","pLcqvvAfWcFjWBfUu","Student","8682258681"
"665339792886","hCyljtFQLD","Student","7457048923"
"255049046886","tDHAtsdxrrDSQvUdbWxc","Student","5785345326"
